{
  "train_losses": [
    0.39025042454401654,
    0.28751199319958687,
    0.28388842071096104,
    0.28568540637691814,
    0.2891149992744128
  ],
  "val_metrics": [
    {
      "epoch": 5,
      "psnr": 15.637449582417807,
      "snr": -2.341299573580424,
      "lsd": 2.0413535833358765,
      "lsd_hf": NaN,
      "spectral_convergence": 1.3949802716573079,
      "envelope_distance": 0.0
    }
  ],
  "best_psnr": 15.637449582417807
}